{
  "version": 1,
  "author": "B MA",
  "editor": "wokwi",
  "parts": [
    { "type": "board-esp32-devkit-c-v4", "id": "esp", "top": -57.6, "left": -225.56, "attrs": {} },
    { "type": "wokwi-lcd1602", "id": "lcd2", "top": -207.77, "left": -156.8, "attrs": {} }
  ],
  "connections": [
    [ "esp:TX", "$serialMonitor:RX", "", [] ],
    [ "esp:RX", "$serialMonitor:TX", "", [] ],
    [ "lcd2:D4", "esp:18", "green", [ "v124.8", "h-96" ] ],
    [ "lcd2:D5", "esp:5", "green", [ "v134.4", "h-105.5" ] ],
    [ "lcd2:D6", "esp:17", "green", [ "v144", "h-115" ] ],
    [ "lcd2:D7", "esp:16", "green", [ "v153.6", "h-124.5" ] ],
    [ "lcd2:E", "esp:21", "green", [ "v96", "h-48" ] ],
    [ "lcd2:RS", "esp:22", "green", [ "v67.2", "h-28.5" ] ],
    [ "lcd2:RW", "esp:GND.3", "green", [ "v105.6", "h-38.5" ] ],
    [ "lcd2:VDD", "esp:GND.3", "green", [ "v105.6", "h-9.5" ] ],
    [ "lcd2:K", "esp:GND.1", "green", [ "v172.8", "h-240" ] ],
    [ "lcd2:VSS", "esp:5V", "green", [ "v220.8", "h-96" ] ],
    [ "lcd2:A", "esp:5V", "green", [ "v220.8", "h-230.5" ] ]
  ],
  "dependencies": {}
}